<?xml version="1.0" encoding="UTF-8"?>
<Toolkit version="4.0" xmlns:tk="http://www.qdocuments.net" xmlns:xsi="http://www.w3.org/2001/XMLSchema-instance" xsi:noNamespaceSchemaLocation="..\..\schema\v4\Module.xsd">
  <tk:Module Category="_TkUtility" DisplayName="Android测试工具" RegName="Android.WebTestModule" Order="50" Author="YJC" CreateDate="2013-06-26" Description="Android Web测试工具" IconName="Images/png/040验收.png">
    <DataModule>
      <RegDataModule>
        <RegName>Android.WebTest</RegName>
      </RegDataModule>
    </DataModule>
    <UIElement>
      <SimpleModel TypeAliasName="Android.WebTest" DataName="WebtestData" ColumnCount="1"/>
    </UIElement>
  </tk:Module>
</Toolkit>
