<?xml version="1.0" encoding="UTF-8"?>
<Toolkit version="4.0" xmlns:tk="http://www.qdocuments.net" xmlns:xsi="http://www.w3.org/2001/XMLSchema-instance" xsi:noNamespaceSchemaLocation="..\schema\v4\Module.xsd">
  <tk:Module Category="New" DisplayName="测试DataGrid" RegName="TestDataGrid" Order="50" Author="YJC" CreateDate="2011-11-17" Description="测试Data Grid" IconName="Images/png/039审批.png">
    <DataModule>
      <RegDataModule>
        <RegName>TestDataGrid</RegName>
      </RegDataModule>
    </DataModule>
    <UIElement>
      <XamlFile>
        <Position>ModuleInterface</Position>
        <FileName>TestDataModule.xaml</FileName>
        <BindingFileName>TestDataModule.binding.xml</BindingFileName>
      </XamlFile>
    </UIElement>
  </tk:Module>
</Toolkit>
