﻿<?xml version="1.0" encoding="utf-8"?><Toolkit><Module SearchPattern="Logical"><Commands><Command Name="First"><DataModule><Action>First</Action></DataModule></Command><Command Name="Previous"><DataModule><Action>Previous</Action></DataModule></Command><Command Name="Next"><DataModule><Action>Next</Action></DataModule></Command><Command Name="Last"><DataModule><Action>Last</Action></DataModule></Command><Command Name="Create"><DataModule><Action>Create</Action></DataModule></Command><Command Name="Delete"><DataModule><Action>Delete</Action></DataModule></Command><Command Name="Update"><DataModule><Action>Update</Action></DataModule></Command><Command Name="Refresh"><DataModule><Action>Refresh</Action></DataModule></Command><Command Name="Close"><CloseModule /></Command></Commands><CommandBindings><CommandBinding ElementName="First" CommandName="First" /><CommandBinding ElementName="Previous" CommandName="Previous" /><CommandBinding ElementName="Next" CommandName="Next" /><CommandBinding ElementName="Last" CommandName="Last" /><CommandBinding ElementName="Create" CommandName="Create" /><CommandBinding ElementName="Delete" CommandName="Delete" /><CommandBinding ElementName="Update" CommandName="Update" /><CommandBinding ElementName="Refresh" CommandName="Refresh" /><CommandBinding ElementName="Close" CommandName="Close" /></CommandBindings><InputBindings><InputBinding Gesture="Alt+X" CommandName="Close" /></InputBindings></Module></Toolkit>