<Page xmlns="http://schemas.microsoft.com/winfx/2006/xaml/presentation" xmlns:x="http://schemas.microsoft.com/winfx/2006/xaml" xmlns:mc="http://schemas.openxmlformats.org/markup-compatibility/2006" xmlns:d="http://schemas.microsoft.com/expression/blend/2008" xmlns:tk="http://www.qdocuments.net" mc:Ignorable="d" tk:ControlHelper.EnterAsTab="True" KeyboardNavigation.TabNavigation="Cycle">
  <DockPanel>
    <ContentControl DockPanel.Dock="Top" Name="_CommandArea">
      <wpf:StackPanel Orientation="Horizontal" HorizontalAlignment="Right" Margin="0,0,0,10" xmlns:wpf="http://schemas.microsoft.com/winfx/2006/xaml/presentation" xmlns:tk="http://www.qdocuments.net" xmlns:x="http://schemas.microsoft.com/winfx/2006/xaml" xmlns:mc="http://schemas.openxmlformats.org/markup-compatibility/2006" xmlns:d="http://schemas.microsoft.com/expression/blend/2008">
        <wpf:Button Name="First" Padding="0,10" Margin="10, 5, 10, 5">
          <wpf:StackPanel Orientation="Horizontal" Margin="10, 0, 20, 0">
            <wpf:Image Margin="10,0" Stretch="None" Source="{wpf:Binding Mode=OneTime, Source={tk:Resource Path=Images/png/006保存.png}}" />
            <wpf:TextBlock>First</wpf:TextBlock>
          </wpf:StackPanel>
        </wpf:Button>
        <wpf:Button Name="Previous" Padding="0,10" Margin="10, 5, 10, 5">
          <wpf:StackPanel Orientation="Horizontal" Margin="10, 0, 20, 0">
            <wpf:Image Margin="10,0" Stretch="None" Source="{wpf:Binding Mode=OneTime, Source={tk:Resource Path=Images/png/006保存.png}}" />
            <wpf:TextBlock>Previous</wpf:TextBlock>
          </wpf:StackPanel>
        </wpf:Button>
        <wpf:Button Name="Next" Padding="0,10" Margin="10, 5, 10, 5">
          <wpf:StackPanel Orientation="Horizontal" Margin="10, 0, 20, 0">
            <wpf:Image Margin="10,0" Stretch="None" Source="{wpf:Binding Mode=OneTime, Source={tk:Resource Path=Images/png/006保存.png}}" />
            <wpf:TextBlock>Next</wpf:TextBlock>
          </wpf:StackPanel>
        </wpf:Button>
        <wpf:Button Name="Last" Padding="0,10" Margin="10, 5, 10, 5">
          <wpf:StackPanel Orientation="Horizontal" Margin="10, 0, 20, 0">
            <wpf:Image Margin="10,0" Stretch="None" Source="{wpf:Binding Mode=OneTime, Source={tk:Resource Path=Images/png/006保存.png}}" />
            <wpf:TextBlock>Last</wpf:TextBlock>
          </wpf:StackPanel>
        </wpf:Button>
        <wpf:Button Name="Create" Padding="0,10" Margin="10, 5, 10, 5">
          <wpf:StackPanel Orientation="Horizontal" Margin="10, 0, 20, 0">
            <wpf:Image Margin="10,0" Stretch="None" Source="{wpf:Binding Mode=OneTime, Source={tk:Resource Path=Images/png/006保存.png}}" />
            <wpf:TextBlock>新建</wpf:TextBlock>
          </wpf:StackPanel>
        </wpf:Button>
        <wpf:Button Name="Delete" Padding="0,10" Margin="10, 5, 10, 5">
          <wpf:StackPanel Orientation="Horizontal" Margin="10, 0, 20, 0">
            <wpf:Image Margin="10,0" Stretch="None" Source="{wpf:Binding Mode=OneTime, Source={tk:Resource Path=Images/png/006保存.png}}" />
            <wpf:TextBlock>删除</wpf:TextBlock>
          </wpf:StackPanel>
        </wpf:Button>
        <wpf:Button Name="Update" Padding="0,10" Margin="10, 5, 10, 5">
          <wpf:StackPanel Orientation="Horizontal" Margin="10, 0, 20, 0">
            <wpf:Image Margin="10,0" Stretch="None" Source="{wpf:Binding Mode=OneTime, Source={tk:Resource Path=Images/png/006保存.png}}" />
            <wpf:TextBlock>保存</wpf:TextBlock>
          </wpf:StackPanel>
        </wpf:Button>
        <wpf:Button Name="Refresh" Padding="0,10" Margin="10, 5, 10, 5">
          <wpf:StackPanel Orientation="Horizontal" Margin="10, 0, 20, 0">
            <wpf:Image Margin="10,0" Stretch="None" Source="{wpf:Binding Mode=OneTime, Source={tk:Resource Path=Images/png/006保存.png}}" />
            <wpf:TextBlock>刷新</wpf:TextBlock>
          </wpf:StackPanel>
        </wpf:Button>
        <wpf:Button Name="Close" Padding="0,10" Margin="10,5,10,5">
          <wpf:StackPanel Orientation="Horizontal" Margin="10, 0, 20, 0">
            <wpf:Image Margin="10,0" Stretch="None" Source="{wpf:Binding Mode=OneTime, Source={tk:Resource Path=Images/png/008删除.png}}" />
            <wpf:TextBlock>关闭</wpf:TextBlock>
          </wpf:StackPanel>
        </wpf:Button>
      </wpf:StackPanel>
    </ContentControl>
    <TabControl TabStripPlacement="Bottom" Name="__MultipleView1">
      <TabItem IsEnabled="True" Header="浏览">
        <DockPanel>
          <ContentControl DockPanel.Dock="Top" Name="_ContentArea1">
            <wpf:DataGrid AutoGenerateColumns="False" EnableColumnVirtualization="True" IsSynchronizedWithCurrentItem="True" ItemsSource="{wpf:Binding }" Name="BookList" ColumnHeaderStyle="{StaticResource DataGridColumnWithGroupStyle}" VirtualizingStackPanel.IsVirtualizing="True" VirtualizingStackPanel.VirtualizationMode="Recycling" ScrollViewer.IsDeferredScrollingEnabled="True" xmlns:wpf="http://schemas.microsoft.com/winfx/2006/xaml/presentation" xmlns:x="http://schemas.microsoft.com/winfx/2006/xaml" xmlns:mc="http://schemas.openxmlformats.org/markup-compatibility/2006" xmlns:d="http://schemas.microsoft.com/expression/blend/2008" xmlns:tk="http://www.qdocuments.net" xmlns:i="http://schemas.microsoft.com/expression/2010/interactivity">
              <i:Interaction.Behaviors>
                <tk:FetchDataBehavior DataName="List" />
              </i:Interaction.Behaviors>
              <wpf:DataGrid.Columns>
                <wpf:DataGridTextColumn Header="主键" Binding="{wpf:Binding ID}" />
                <wpf:DataGridTextColumn Header="分类" Binding="{wpf:Binding Category}" />
                <wpf:DataGridTextColumn Header="书名" Binding="{wpf:Binding Name}" />
              </wpf:DataGrid.Columns>
            </wpf:DataGrid>
          </ContentControl>
          <Grid DockPanel.Dock="Top">
            <TextBlock Text="合计：21" />
          </Grid>
          <Grid>
            <Grid.ColumnDefinitions>
              <ColumnDefinition Width="1*" />
              <ColumnDefinition Width="1*" />
              <ColumnDefinition Width="1*" />
            </Grid.ColumnDefinitions>
            <Button Grid.Column="2" Content="Search" />
          </Grid>
        </DockPanel>
      </TabItem>
      <TabItem Header="主数据">
        <ContentControl DockPanel.Dock="Bottom" Name="_ContentArea2">
          <wpf:Grid Margin="40, 40, 40, 40" mc:Ignorable="d" d:DesignHeight="300" d:DesignWidth="300" Name="CurrentBook" xmlns:wpf="http://schemas.microsoft.com/winfx/2006/xaml/presentation" xmlns:x="http://schemas.microsoft.com/winfx/2006/xaml" xmlns:mc="http://schemas.openxmlformats.org/markup-compatibility/2006" xmlns:d="http://schemas.microsoft.com/expression/blend/2008" xmlns:tk="http://www.qdocuments.net" xmlns:i="http://schemas.microsoft.com/expression/2010/interactivity">
            <i:Interaction.Behaviors>
              <tk:FetchDataBehavior DataName="List" BindingPath="CurrentItem" />
            </i:Interaction.Behaviors>
            <wpf:Grid.RowDefinitions>
              <wpf:RowDefinition Height="Auto" />
              <wpf:RowDefinition Height="Auto" />
            </wpf:Grid.RowDefinitions>
            <wpf:Grid.ColumnDefinitions>
              <wpf:ColumnDefinition Width="*" />
              <wpf:ColumnDefinition Width="3*" />
              <wpf:ColumnDefinition Width="*" />
              <wpf:ColumnDefinition Width="3*" />
            </wpf:Grid.ColumnDefinitions>
            <wpf:TextBlock Padding="0, 5, 2, 5" Text="主键:" wpf:Grid.Row="0" wpf:Grid.Column="0" TextAlignment="Right" />
            <wpf:TextBox wpf:Grid.Row="0" wpf:Grid.Column="1" wpf:Grid.ColumnSpan="1" Name="ID" Text="{wpf:Binding Path=ID}" />
            <wpf:TextBlock Padding="0, 5, 2, 5" Text="分类:" wpf:Grid.Row="0" wpf:Grid.Column="2" TextAlignment="Right" />
            <wpf:TextBox wpf:Grid.Row="0" wpf:Grid.Column="3" Name="Category" Text="{wpf:Binding Path=Category}" />
            <wpf:TextBlock Padding="0, 5, 2, 5" Text="书名:" wpf:Grid.Row="1" wpf:Grid.Column="0" TextAlignment="Right" />
            <wpf:TextBox wpf:Grid.Row="1" wpf:Grid.Column="1" wpf:Grid.ColumnSpan="1" Name="Name" Text="{wpf:Binding Path=Name}" />
          </wpf:Grid>
        </ContentControl>
      </TabItem>
    </TabControl>
  </DockPanel>
</Page>