﻿<?xml version="1.0" encoding="utf-8"?>
<Toolkit version="3.0" xmlns:tk="http://www.qdocuments.net" xmlns:xsi="http://www.w3.org/2001/XMLSchema-instance" xsi:noNamespaceSchemaLocation="../../Schema/v3/Module.xsd">
    <tk:Module>
        <tk:Title>菜单管理</tk:Title>
        <tk:DataSet>TreeMD</tk:DataSet>
        <tk:Model>JXY</tk:Model>
        <tk:DefaultSortField>1</tk:DefaultSortField>
        <tk:FunctionRight  FunctionKey="Function"/>
        <tk:Resolvers>
            <tk:Resolver Style="Normal" List="true" Main="true" Order="10">
                <tk:RegName>Function</tk:RegName>
                <tk:Xml>Users/Function.xml</tk:Xml>
              <tk:Actions>
                <tk:Action PageStyle="Update ">
                  <Override>
                    <Field FieldName="FN_PARENT_ID" HtmlCtrl="Detail"/>
                  </Override>
                </tk:Action>
              </tk:Actions>
            </tk:Resolver>
            <tk:Resolver Style="Table" DetailList="true" Order="20" Source="Users/SubFunc">
                <tk:RegName>SubFunc</tk:RegName>
                <tk:Xml>Users/SubFunc.xml</tk:Xml>
            </tk:Resolver>
        </tk:Resolvers>
        <tk:Relations>
            <tk:Relation>
                <tk:MasterResolver>Function</tk:MasterResolver>
                <tk:DetailResolver>SubFunc</tk:DetailResolver>
                <tk:MasterField>FN_ID</tk:MasterField>
                <tk:DetailField>SF_FN_ID</tk:DetailField>
            </tk:Relation>
        </tk:Relations>
        <tk:XsltFiles>
          <!--<tk:XsltFile Type="Tree">../../XsltTemplate/v2/template/TreeTemplate.xslt</tk:XsltFile>-->
          <!--<tk:XsltFile Type="Update">Users/FunctionUpdate.xslt</tk:XsltFile>
          <tk:XsltFile Type="Detail">Users/FunctionDetail.xslt</tk:XsltFile>-->
        </tk:XsltFiles>
    </tk:Module>
</Toolkit>
