<?xml version="1.0" encoding="UTF-8"?>
<Toolkit version="1.0" xmlns:xsi="http://www.w3.org/2001/XMLSchema-instance" xsi:noNamespaceSchemaLocation="../../schema/suite/CodeSuite.xsd">
	<CodeGenerator CompatibleType="Toolkit" ToolkitVer="Tk40" RegName="Tk4DataXml" Author="YJC" CreateDate="2012-10-09" Description="Toolkit4的DataXml生成">
		<FileName Extension="xml" Catalog="Xml\Data" UseProjectName="true">
			<MainName NeedParse="true">{NormalTableName}</MainName>
		</FileName>
		<RazorFile>CodeSuite/Tk4/Tk4DataXml.cshtml</RazorFile>
	</CodeGenerator>
</Toolkit>
