<?xml version="1.0" encoding="UTF-8"?>
<Toolkit version="1.0" xmlns:xsi="http://www.w3.org/2001/XMLSchema-instance" xsi:noNamespaceSchemaLocation="../../schema/suite/CodeSuite.xsd">
	<CodeGenerator CompatibleType="Toolkit" ToolkitVer="Tk40" RegName="Tk4Resolver" Author="YJC" CreateDate="2012-10-09" Description="Toolkit4的Resolver生成">
		<FileName Extension="cs" UseProjectName="true">
			<MainName NeedParse="true">{NormalTableName}Resolver</MainName>
		</FileName>
		<RazorFile>CodeSuite/Tk4/Tk4Resolver.cshtml</RazorFile>
	</CodeGenerator>
</Toolkit>
