<?xml version="1.0" encoding="UTF-8"?>
<Toolkit>
	<Word Name="Return">返回</Word><!--bin\ErrorPage-->
	<Word Name="ExceptionTitle">应用程序中的错误。</Word>
	<Word Name="Error">”出现错误。</Word>
	<Word Name="ApplicationErrors">应用程序中的错误。</Word>
	<Word Name="ExceptionDetails">Exception Details:</Word>
	<Word Name="ErrorSource">错误源:</Word>
	<Word Name="ErrorObject">错误对象:</Word>
	<Word Name="ErrorObjectType">错误对象类型:</Word>
	<Word Name="StackTrace">堆栈跟踪:</Word><!--bin\Exception-->
	<Word Name="Delete">删除</Word><!--Controls_EditPage-->
	<Word Name="Browse">浏览</Word><!--DetailListTemplate-->
	<Word Name="View">查看</Word>
	<Word Name="Detailed">详细</Word>
	<Word Name="Modify">修改</Word>
	<Word Name="Fold">收起</Word><!--DetailTemplate-->
	<Word Name="Required">必填项</Word>
	<Word Name="Save2">保 存</Word>
	<Word Name="Save">保存</Word>
	<Word Name="Return2">返 回</Word>
	<Word Name="RowTemplate">数据行模板</Word>
	<Word Name="SelectAll">全选</Word>
	<Word Name="Inverse">反选</Word>
	<Word Name="ClearAll">全不选</Word>
	<Word Name="Delete all">全删</Word>
	<Word Name="NewRow">新建数据行</Word>
	<Word Name="New">新建</Word><!--EditPage-->
	<Word Name="Report">报表</Word><!--Excel(<xsl:text disable-output-escaping="yes">中的字体未作替换)-->
	<Word Name="Number">序号</Word><!--ExedlListFrame-->
	<Word Name="AddNew">新增</Word><!--InsertTemplate-->
	<Word Name="NoContent">没有内容</Word>
	<Word Name="Operation">操作</Word>
	<Word Name="SureDelete">确定删除吗？</Word>
	<Word Name="Export">导出</Word>  <!--ListPage-->
	<Word Name="All">所有</Word><!--ListTemplate-->
	<Word Name="PreciseQuery">精确查询</Word>
	<Word Name="Search">搜索</Word>
	<Word Name="TO">至</Word><!--ListTemplate_SearchPart-->
	<Word Name="HomePage">首页</Word>
	<Word Name="PerTenPages">前十页</Word>
	<Word Name="NextTenPages">后十页</Word>
	<Word Name="LastPage">末页</Word>
	<Word Name="TotalPage">共</Word>
	<Word Name="Page">页</Word>
	<Word Name="RecordNumber">条记录</Word>
	<Word Name="JumpPage">跳转</Word>
	<Word Name="ViewAt">查看第</Word><!--PagingUtils-->
	<Word Name="SureDeleteAllNode">&quot;确定删除吗？如果删除此节点以下节点都将删除!&quot;</Word>
	<Word Name="MovToTop">移到最顶层</Word>
	<Word Name="SureToMove">&quot;确定要移动当前节点到最顶层吗？&quot;</Word><!--reeDetailTemplate-->
	<Word Name="Cancel">取消</Word><!--TreeDetailTemplate_Trans-->
	<Word Name="SureRemoveNode">是否真要移动节点?</Word><!--TreeExpand-->	
	<Word Name="NodeMovAttention">注:移动操作请在节点间拖动</Word>
	<Word Name="UpNode">上移"</Word>
	<Word Name="DownNode">下移</Word>
	<Word Name="NeedNode">请选择一个节点！</Word><!--TreeTemplate-->
</Toolkit>