<?xml version="1.0" encoding="UTF-8"?>
<Toolkit version="4.0" xmlns:tk="http://www.qdocuments.net" xmlns:xsi="http://www.w3.org/2001/XMLSchema-instance" xsi:noNamespaceSchemaLocation="..\..\schema\v4\Module.xsd">
  <tk:Module>
    <tk:Title>Hello</tk:Title>
    <tk:Source>
      <RegNameSource>WFDefine</RegNameSource>
    </tk:Source>
    <tk:PageMaker>
      <ModelSelector>
        <Model Name="Tk30" Default="true">
          <PageMaker>
			      <WFListPageMaker XsltFile="Project/Workflow/WorkflowInstList-tk30.xslt" DataXsltFile="xslttemplate/v4/Workflow/WFListTrans.xslt"/>
            <!--XsltPageMaker XsltFile="Project/WorkFlow/WorkflowInstList-tk30.xslt" Position="Xml" ContentType="text/html"/-->
          </PageMaker>
        </Model>
       <Model Name="JXY">
          <PageMaker >
            <WFListPageMaker XsltFile="Project/Workflow/WorkflowInstList.xslt" DataXsltFile="xslttemplate/v4/Workflow/WFListTrans.xslt"/>
          </PageMaker>
        </Model>
      </ModelSelector>
    </tk:PageMaker>
  </tk:Module>
</Toolkit>
