<?xml version="1.0" encoding="UTF-8"?>
<Toolkit version="4.0" xmlns:tk="http://www.qdocuments.net" xmlns:xsi="http://www.w3.org/2001/XMLSchema-instance" xsi:noNamespaceSchemaLocation="..\..\schema\v4\Module.xsd">
  <tk:Module>
    <tk:Title>Hello</tk:Title>
    <tk:Source>
      <RegNameSource>WFMyWork</RegNameSource>
    </tk:Source>
    <tk:PageMaker>
      <ModelSelector>
        <Model Name="Tk30" Default="true">
          <PageMaker>
            <XsltPageMaker XsltFile="Project/WorkFlow/WFMyWork-tk30.xslt" Position="Xml" ContentType="text/html"/>
          </PageMaker>
        </Model>
       <Model Name="JXY">
          <PageMaker>
            <XsltPageMaker XsltFile="Project/WorkFlow/WFMyWork.xslt" Position="Xml" ContentType="text/html"/>
          </PageMaker>
        </Model>
      </ModelSelector>
    </tk:PageMaker>
  </tk:Module>
</Toolkit>
