<?xml version="1.0" encoding="UTF-8"?>
<Toolkit xmlns:tk="http://www.qdocuments.net" xmlns:xsi="http://www.w3.org/2001/XMLSchema-instance" xsi:noNamespaceSchemaLocation="../DTD2/TransformAll.xsd">
  <tk:TransformAll RegName="Login" BaseClass="Single" Description="登陆页面的TransformAll对象">
    <tk:Html Position="Head|HeadLeft|Bottom"><![CDATA[
    <html>
      <head>
        <title></title>
        <link rel="stylesheet" href="../css2/login.css"></link>
        <script language="JavaScript" src="../js2/_tkvariable.js"></script>
        <script language="JavaScript" src="../js2/local.js"></script>
        <script language="JavaScript" src="../js2/crm.js"></script>
        <script language="JavaScript" src="../js2/system.window.js"></script>
      </head>
      <body onload="resize()" onresizeend="resize()" leftMargin="0" topMargin="0" MARGINHEIGHT="0" MARGINWIDTH="0">
        <div name="contentTD" id="contentTD">{0}</div>
      </body>
    </html>
    ]]></tk:Html>
  </tk:TransformAll>
</Toolkit>
