<?xml version="1.0" encoding="UTF-8"?>
<Toolkit version="4.0" xmlns:tk="http://www.qdocuments.net" xmlns:xsi="http://www.w3.org/2001/XMLSchema-instance" xsi:noNamespaceSchemaLocation="..\..\schema\v4\Module.xsd">
  <tk:Module Category="_TkSuite" DisplayName="树形表维护工具" RegName="DBTreeSuiteModule" Order="10" Author="WDW" CreateDate="2012-02-24" Description="数据库字段维护工具" IconName="Images/openicon/png/system-settings-3.png">
    <DataModule>
      <RegDataModule>
        <RegName>DBTreeSuite</RegName>
      </RegDataModule>
    </DataModule>
    <UIElement>
      <SimpleModel TypeAliasName="DBTreeSuite" DataName="DbTreeSuiteData"/>
    </UIElement>
  </tk:Module>
</Toolkit>
