<?xml version="1.0" encoding="UTF-8"?>
<Toolkit version="4.0" xmlns:tk="http://www.qdocuments.net" xmlns:xsi="http://www.w3.org/2001/XMLSchema-instance" xsi:noNamespaceSchemaLocation="..\..\schema\v4\Module.xsd">
  <tk:Module Category="_TkWebApp" DisplayName="模块分发工具" RegName="DeploySuiteModule" Order="10" Author="ZYK" CreateDate="2011-12-27" Description="模块分发工具" IconName="Images/png/041发出.png">
    <DataModule>
      <RegDataModule>
        <RegName>DeploySuite</RegName>
      </RegDataModule>
    </DataModule>
    <UIElement>
      <SimpleModel TypeAliasName="DeploySuite" DataName="DeploySuite"/>
    </UIElement>
  </tk:Module>
</Toolkit>
