<?xml version="1.0" encoding="UTF-8"?>
<Toolkit version="4.0" xmlns:tk="http://www.qdocuments.net" xmlns:xsi="http://www.w3.org/2001/XMLSchema-instance" xsi:noNamespaceSchemaLocation="..\..\schema\v4\Module.xsd">
  <tk:Module Category="_TkSuite" DisplayName="密码生成工具" RegName="KeyGenSuiteModule" Order="10" Author="ZYK" CreateDate="2011-12-27" Description="密码生成工具" IconName="Images/openicon/png/system-password-2.png">
    <DataModule>
      <RegDataModule>
        <RegName>KeyGenSuite</RegName>
      </RegDataModule>
    </DataModule>
    <UIElement>
      <SimpleModel TypeAliasName="KeyGenSuite" DataName="KeyGenData"/>
    </UIElement>
  </tk:Module>
</Toolkit>
