<?xml version="1.0" encoding="UTF-8"?>
<Toolkit version="4.0" xmlns:tk="http://www.qdocuments.net" xmlns:xsi="http://www.w3.org/2001/XMLSchema-instance" xsi:noNamespaceSchemaLocation="..\..\schema\v4\Module.xsd">
  <tk:Module Category="_TkUtility" DisplayName="Nant自动部署工具" RegName="NantSuiteModule" Order="10" Author="WDW" CreateDate="2011-02-28" Description="Toolkit应用程序生成工具" IconName="Images/png/040验收.png">
    <DataModule>
      <RegDataModule>
        <RegName>NantSuite</RegName>
      </RegDataModule>
    </DataModule>
    <UIElement>
      <SimpleModel TypeAliasName="NantSuite" DataName="NantData"/>
    </UIElement>
  </tk:Module>
</Toolkit>
