<?xml version="1.0" encoding="UTF-8"?>
<Toolkit version="4.0" xmlns:tk="http://www.qdocuments.net" xmlns:xsi="http://www.w3.org/2001/XMLSchema-instance" xsi:noNamespaceSchemaLocation="..\..\schema\v4\Module.xsd">
  <tk:Module Category="_TkWpfApp" DisplayName="应用生成工具" RegName="AppSuiteModule" Order="10" Author="DVD" CreateDate="2011-03-31" Description="Wpf应用程序生成工具" IconName="Images/png/040验收.png">
    <DataModule>
      <RegDataModule>
        <RegName>WpfSuite</RegName>
      </RegDataModule>
    </DataModule>
    <UIElement>
      <SimpleModel TypeAliasName="WpfSuite" DataName="WpfSuite"/>
    </UIElement>
  </tk:Module>
</Toolkit>
