<?xml version="1.0" encoding="UTF-8"?>
<Toolkit version="4.0" xmlns:tk="http://www.qdocuments.net" xmlns:xsi="http://www.w3.org/2001/XMLSchema-instance" xsi:noNamespaceSchemaLocation="..\..\schema\v4\Module.xsd">
  <tk:Module Category="_Toolkit5" DisplayName="代码表拼音工具" RegName="Tk5CodeTablePinyinModule" Order="50" Author="YJC" CreateDate="2015-01-19" Description="Toolkit代码表生成拼音的工具" IconName="Images/png/135查看进度.png">
    <DataModule>
      <RegDataModule>
        <RegName>Tk5CodeTableSuite</RegName>
      </RegDataModule>
    </DataModule>
    <UIElement>
      <SimpleModel TypeAliasName="Tk5CodeTableSuite" DataName="Tk5CodeTableSuite" ColumnCount="1"/>
    </UIElement>
  </tk:Module>
</Toolkit>
