<?xml version="1.0" encoding="UTF-8"?>
<Toolkit version="4.0" xmlns:tk="http://www.qdocuments.net" xmlns:xsi="http://www.w3.org/2001/XMLSchema-instance" xsi:noNamespaceSchemaLocation="..\..\schema\v4\Module.xsd">
  <tk:Module Category="_Toolkit5" DisplayName="Tk5应用生成工具" RegName="Tk5AppSuiteModule" Order="10" Author="YJC" CreateDate="2011-12-05" Description="Toolkit5应用程序生成工具" IconName="Images/png/035大类子结点.png">
    <DataModule>
      <RegDataModule>
        <RegName>Tk5AppSuite</RegName>
      </RegDataModule>
    </DataModule>
    <UIElement>
      <SimpleModel TypeAliasName="Tk5AppSuite" DataName="Tk5AppSuite" ColumnCount="2"/>
    </UIElement>
  </tk:Module>
</Toolkit>
