<?xml version="1.0" encoding="UTF-8"?>
<Toolkit version="4.0" xmlns:tk="http://www.qdocuments.net" xmlns:xsi="http://www.w3.org/2001/XMLSchema-instance" xsi:noNamespaceSchemaLocation="..\..\schema\v4\Module.xsd">
  <tk:Module Category="_Toolkit5" DisplayName="Tk5模块分发工具" RegName="Tk5DeploySuiteModule" Order="20" Author="YJC" CreateDate="2014-12-05" Description="Toolkit5模块程序分发工具" IconName="Images/png/010导出.png">
    <DataModule>
      <RegDataModule>
        <RegName>Tk5DeploySuite</RegName>
      </RegDataModule>
    </DataModule>
    <UIElement>
      <SimpleModel TypeAliasName="Tk5DeploySuite" DataName="Tk5DeploySuite" ColumnCount="2"/>
    </UIElement>
  </tk:Module>
</Toolkit>
