<?xml version="1.0" encoding="UTF-8"?>
<tk:Toolkit version="5.0" xsi:schemaLocation="http://www.qdocuments.net ..\..\schema\v5\Module.xsd" xmlns:tk="http://www.qdocuments.net" xmlns:xsi="http://www.w3.org/2001/XMLSchema-instance">
  <tk:Module>
    <tk:Title>
      <tk:Content>个人信息</tk:Content>
    </tk:Title>
    <tk:MetaData>
      <tk:SingleXmlMetaData DataXml="UserManager/User.xml" ColumnCount="3"/>
    </tk:MetaData>
    <tk:Source>
      <tk:SingleDbSource DisablePage="List Insert Delete">
        <tk:Resolver>
          <tk:RegResolver>UserInfo</tk:RegResolver>
        </tk:Resolver>
        <tk:DetailOperators>
          <tk:StandardOperators>
            <tk:Right>
              <tk:EmptyOperateRight/>
            </tk:Right>
            <tk:UpdateOperator/>
            <tk:Operator IconClass="icon-key" Id="UpdatePasswd" Info="Dialog">
              <tk:Caption>
                <tk:Content>修改密码</tk:Content>
              </tk:Caption>
              <tk:Content>~/Library/WebUpdateXmlPage.tkx?Source=UserManager/ChangeSelfPasswd</tk:Content>
            </tk:Operator>
          </tk:StandardOperators>
        </tk:DetailOperators>
      </tk:SingleDbSource>
    </tk:Source>
    <tk:PageMaker>
      <tk:SingleRazorPageMaker>
        <tk:Item Style="Update" DestUrl="Detail">
          <tk:RetUrl Style="Detail"/>
        </tk:Item>
        <tk:Item Style="Detail">
          <tk:RetUrl Style="Custom">
            <tk:CustomUrl/>
          </tk:RetUrl>
        </tk:Item>
      </tk:SingleRazorPageMaker>
    </tk:PageMaker>
  </tk:Module>
</tk:Toolkit>
