<?xml version="1.0" encoding="UTF-8"?>
<tk:Toolkit version="5.0" xsi:schemaLocation="http://www.qdocuments.net ..\..\schema\v5\DataXml.xsd" xmlns:tk="http://www.qdocuments.net" xmlns:xsi="http://www.w3.org/2001/XMLSchema-instance">
  <tk:Table TableName="SYS_CUSTOM_TABLE" NameField="DisplayName">
    <tk:TableDesc>
      <tk:Content>自定义表输入</tk:Content>
    </tk:TableDesc>
    <tk:Field DataType="int" IsKey="true" IsEmpty="false">
      <tk:FieldName>CT_TABLE_ID</tk:FieldName>
      <tk:DisplayName>
        <tk:Content>Id</tk:Content>
      </tk:DisplayName>
      <tk:Layout Layout="PerUnit" UnitNum="1"/>
      <tk:Control Control="Hidden" Order="10" DefaultShow="All"/>
    </tk:Field>
    <tk:Field DataType="string">
      <tk:FieldName>CT_DISPLAY_NAME</tk:FieldName>
      <tk:DisplayName>
        <tk:Content>表显示名</tk:Content>
      </tk:DisplayName>
      <tk:Length>255</tk:Length>
      <tk:Layout Layout="PerUnit" UnitNum="1"/>
      <tk:Control Control="Text" Order="20" DefaultShow="All"/>
    </tk:Field>
    <tk:Field DataType="string">
      <tk:FieldName>CT_TABLE_NAME</tk:FieldName>
      <tk:DisplayName>
        <tk:Content>实际表名</tk:Content>
      </tk:DisplayName>
      <tk:Length>255</tk:Length>
      <tk:Layout Layout="PerUnit" UnitNum="1"/>
      <tk:Control Control="Hidden" Order="30" DefaultShow="None"/>
    </tk:Field>
    <tk:Field DataType="string">
      <tk:FieldName>CT_NAME_FIELD</tk:FieldName>
      <tk:DisplayName>
        <tk:Content>表链接字段</tk:Content>
      </tk:DisplayName>
      <tk:Length>255</tk:Length>
      <tk:Layout Layout="PerUnit" UnitNum="1"/>
      <tk:Control Control="Hidden" Order="40" DefaultShow="None"/>
    </tk:Field>
    <tk:Field DataType="short">
      <tk:FieldName>CT_STATUS</tk:FieldName>
      <tk:DisplayName>
        <tk:Content>状态</tk:Content>
      </tk:DisplayName>
      <tk:Layout Layout="PerUnit" UnitNum="1"/>
      <tk:Control Control="Hidden" Order="50" DefaultShow="All"/>
    </tk:Field>
    <tk:Field DataType="string">
      <tk:FieldName>CT_EXTENSION1</tk:FieldName>
      <tk:DisplayName>
        <tk:Content>表扩展属性1</tk:Content>
      </tk:DisplayName>
      <tk:Length>255</tk:Length>
      <tk:Layout Layout="PerUnit" UnitNum="1"/>
      <tk:Control Control="Hidden" Order="60" DefaultShow="None"/>
    </tk:Field>
    <tk:Field DataType="string">
      <tk:FieldName>CT_EXTENSION2</tk:FieldName>
      <tk:DisplayName>
        <tk:Content>表扩展属性2</tk:Content>
      </tk:DisplayName>
      <tk:Length>255</tk:Length>
      <tk:Layout Layout="PerUnit" UnitNum="1"/>
      <tk:Control Control="Hidden" Order="70" DefaultShow="None"/>
    </tk:Field>
    <tk:Field DataType="string">
      <tk:FieldName>CT_EXTENSION3</tk:FieldName>
      <tk:DisplayName>
        <tk:Content>表扩展属性3</tk:Content>
      </tk:DisplayName>
      <tk:Length>255</tk:Length>
      <tk:Layout Layout="PerUnit" UnitNum="1"/>
      <tk:Control Control="Hidden" Order="80" DefaultShow="None"/>
    </tk:Field>
  </tk:Table>
</tk:Toolkit>
