<?xml version="1.0" encoding="UTF-8"?>
<tk:Toolkit version="5.0" xsi:schemaLocation="http://www.qdocuments.net ..\..\schema\v5\DataXml.xsd" xmlns:tk="http://www.qdocuments.net" xmlns:xsi="http://www.w3.org/2001/XMLSchema-instance">
  <tk:Table TableName="SYS_CUSTOM_FIELD">
    <tk:TableDesc>
      <tk:Content>自定义字段</tk:Content>
    </tk:TableDesc>
    <tk:Field DataType="int" IsKey="true" IsEmpty="false">
      <tk:FieldName>CF_TABLE_ID</tk:FieldName>
      <tk:DisplayName>
        <tk:Content>主表Id</tk:Content>
      </tk:DisplayName>
      <tk:Layout Layout="PerUnit" UnitNum="1"/>
      <tk:Control Control="Hidden" Order="10" DefaultShow="All"/>
    </tk:Field>
    <tk:Field DataType="string" IsKey="true" IsEmpty="false">
      <tk:FieldName>CT_FIELD_NAME</tk:FieldName>
      <tk:DisplayName>
        <tk:Content>字段名</tk:Content>
      </tk:DisplayName>
      <tk:Length>255</tk:Length>
      <tk:Layout Layout="PerUnit" UnitNum="1"/>
      <tk:Control Control="Hidden" Order="20" DefaultShow="All"/>
    </tk:Field>
    <tk:Field DataType="string">
      <tk:FieldName>CF_DISPLAY_NAME</tk:FieldName>
      <tk:DisplayName>
        <tk:Content>字段名</tk:Content>
      </tk:DisplayName>
      <tk:Length>255</tk:Length>
      <tk:Layout Layout="PerUnit" UnitNum="1"/>
      <tk:Control Control="Text" Order="30" DefaultShow="All"/>
    </tk:Field>
    <tk:Field DataType="string">
      <tk:FieldName>CF_NICK_NAME</tk:FieldName>
      <tk:DisplayName>
        <tk:Content>字段昵称</tk:Content>
      </tk:DisplayName>
      <tk:Length>255</tk:Length>
      <tk:Layout Layout="PerUnit" UnitNum="1"/>
      <tk:Control Control="Hidden" Order="35" DefaultShow="None"/>
    </tk:Field>
    <tk:Field DataType="string">
      <tk:FieldName>CF_DATA_TYPE</tk:FieldName>
      <tk:DisplayName>
        <tk:Content>数据类型</tk:Content>
      </tk:DisplayName>
      <tk:Length>50</tk:Length>
      <tk:Layout Layout="PerUnit" UnitNum="1"/>
      <tk:Control Control="Hidden" Order="40" DefaultShow="None"/>
    </tk:Field>
    <tk:Field DataType="int">
      <tk:FieldName>CF_REAL_LENGTH</tk:FieldName>
      <tk:DisplayName>
        <tk:Content>实际长度</tk:Content>
      </tk:DisplayName>
      <tk:Layout Layout="PerUnit" UnitNum="1"/>
      <tk:Control Control="Hidden" Order="50" DefaultShow="None"/>
    </tk:Field>
    <tk:Field DataType="int">
      <tk:FieldName>CF_LENGTH</tk:FieldName>
      <tk:DisplayName>
        <tk:Content>要求长度</tk:Content>
      </tk:DisplayName>
      <tk:Layout Layout="PerUnit" UnitNum="1"/>
      <tk:Control Control="Hidden" Order="60" DefaultShow="None"/>
    </tk:Field>
    <tk:Field DataType="string">
      <tk:FieldName>CF_CONTROL</tk:FieldName>
      <tk:DisplayName>
        <tk:Content>控件</tk:Content>
      </tk:DisplayName>
      <tk:Length>50</tk:Length>
      <tk:CodeTable RegName="CD_TK_CONTROL"/>
      <tk:Layout Layout="PerUnit" UnitNum="1"/>
      <tk:Control Control="Combo" Order="70" DefaultShow="All"/>
      <!--<tk:ListDetail ListWidth="200"/>-->
    </tk:Field>
    <tk:Field DataType="short">
      <tk:FieldName>CF_CHARACTER</tk:FieldName>
      <tk:DisplayName>
        <tk:Content>字段特质</tk:Content>
      </tk:DisplayName>
      <tk:Layout Layout="PerUnit" UnitNum="1"/>
      <tk:Control Control="Hidden" Order="80" DefaultShow="All"/>
    </tk:Field>
    <tk:Field DataType="int">
      <tk:FieldName>CF_ORDER</tk:FieldName>
      <tk:NickName>FieldOrder</tk:NickName>
      <tk:DisplayName>
        <tk:Content>排序</tk:Content>
      </tk:DisplayName>
      <tk:Layout Layout="PerUnit" UnitNum="1"/>
      <tk:Control Control="Text" Order="90" DefaultShow="All"/>
    </tk:Field>
    <tk:Field DataType="short">
      <tk:FieldName>CF_DISPLAY</tk:FieldName>
      <tk:DisplayName>
        <tk:Content>显示</tk:Content>
      </tk:DisplayName>
      <tk:Layout Layout="PerUnit" UnitNum="1"/>
      <tk:Control Control="CheckBox" Order="5" DefaultShow="All"/>
      <tk:ListDetail ListWidth="30"/>
      <tk:Extension CheckValue="1" UnCheckValue="0"/>
    </tk:Field>
    <tk:Field DataType="short">
      <tk:FieldName>CF_QUERY</tk:FieldName>
      <tk:DisplayName>
        <tk:Content>查询</tk:Content>
      </tk:DisplayName>
      <tk:Layout Layout="PerUnit" UnitNum="1"/>
      <tk:Control Control="CheckBox" Order="100" DefaultShow="All"/>
      <tk:ListDetail ListWidth="30"/>
      <tk:Extension CheckValue="1" UnCheckValue="0"/>
    </tk:Field>
    <tk:Field DataType="string">
      <tk:FieldName>CF_EXTIONSION1</tk:FieldName>
      <tk:DisplayName>
        <tk:Content>字段扩展1</tk:Content>
      </tk:DisplayName>
      <tk:Length>255</tk:Length>
      <tk:Layout Layout="PerUnit" UnitNum="1"/>
      <tk:Control Control="Hidden" Order="110" DefaultShow="None"/>
    </tk:Field>
    <tk:Field DataType="string">
      <tk:FieldName>CF_EXTIONSION2</tk:FieldName>
      <tk:DisplayName>
        <tk:Content>字段扩展2</tk:Content>
      </tk:DisplayName>
      <tk:Length>255</tk:Length>
      <tk:Layout Layout="PerUnit" UnitNum="1"/>
      <tk:Control Control="Hidden" Order="120" DefaultShow="None"/>
    </tk:Field>
    <tk:Field DataType="string">
      <tk:FieldName>CF_EXTIONSION3</tk:FieldName>
      <tk:DisplayName>
        <tk:Content>字段扩展3</tk:Content>
      </tk:DisplayName>
      <tk:Length>255</tk:Length>
      <tk:Layout Layout="PerUnit" UnitNum="1"/>
      <tk:Control Control="Hidden" Order="130" DefaultShow="None"/>
    </tk:Field>
  </tk:Table>
</tk:Toolkit>
