<?xml version="1.0" encoding="UTF-8"?>
<Toolkit xmlns:tk="http://www.qdocuments.net" xmlns:xsi="http://www.w3.org/2001/XMLSchema-instance" xsi:noNamespaceSchemaLocation="../DTD2/TransformAll.xsd">
  <tk:TransformAll RegName="Application" BaseClass="Single" Description="缺省的应用程序的TransformAll对象">
    <tk:Html Position="Head|HeadLeft|Bottom"><![CDATA[
<html>
	<head>
		<title></title>
		<meta http-equiv="Content-Type" content="text/html;	charset=gb2312">
		<link rel="stylesheet" type="text/css" href="../css/style.css">
			<script language="JavaScript" src="../js/common.js"></script>
	</head>
	<body leftmargin="0" topmargin="0" marginwidth="0" marginheight="0" onclick="DocOnClick()">
    <div id="floatDiv" style="position: absolute; visibility: hidden; left:0px; top:0px; width:200px; height:200px; z-index:10; overflow: auto; border:solid 1px #003366; background-color: #FFFFEE" class="scrollBar"></div>
    <iframe width="200" height="100" name="uploadPop" id="uploadPop" src="../Upload/UploadPage.aspx" scrolling="no" frameborder="0" style="border:solid 1px #333333; background-color: #FFFFF7; visibility:visible; z-index:999; position:absolute; left:-500px; top:0px;"></iframe>
    <iframe width="168" height="190" name="gfPop" id="gfPop" src="../utility/calendar/ipopeng.htm" scrolling="no" frameborder="0" style="border:2px ridge; visibility:visible; z-index:999; position:absolute; left:-600px; top:0px;"></iframe>
    <iframe width="188" height="166" name="gToday:datetime:agenda.js:gfPop4:plugins.js" id="gToday:datetime:agenda.js:gfPop4:plugins.js" src="../utility/new_calendar/ipopeng.htm" scrolling="no" frameborder="0" style="visibility:visible; z-index:999; position:absolute; left:-500px; top:0px;"></iframe>
		<table width="100%" height="100%" border="0" cellspacing="0" cellpadding="0">
			<tr>
				<td valign="top" id="contentTD">
				{0}
				</td>
			</tr>
		</table>
	</body>
</html>
    ]]></tk:Html>
    <tk:Html Position="None"><![CDATA[
 <html>
	<head>
		<title>查询</title>
		<meta http-equiv="Content-Type" content="text/html; charset=gb2312">
		<link rel="stylesheet" type="text/css" href="../css/style.css">
		<style type="text/css">
body {
	SCROLLBAR-HIGHLIGHT-COLOR: buttonface; SCROLLBAR-SHADOW-COLOR: buttonshadow; SCROLLBAR-3DLIGHT-COLOR: buttonhighlight; SCROLLBAR-TRACK-COLOR: white; SCROLLBAR-DARKSHADOW-COLOR: #eeeeee; SCROLLBAR-FACE-COLOR: buttonface;
}
</style>
		<script language="JavaScript" src="../js/CRM.js"> </script>
		<script language="javascript">
		function GetResult(type, value, idElementName, editElementName, retEleID)
		{{
		    if (value == "")
		    {{
        		alert('请输入查询条件！');
        		document.txtSearch.focus();
        		return false;
        	}}
		    var xml = "<Toolkit><SELECT><TYPE>" + type + "</TYPE><VALUE>" + value + "</VALUE><ID>" 
				+ idElementName +"</ID><EDIT>" + editElementName + "</EDIT></SELECT></Toolkit>"
			var s = XmlHttpPost("../Library2/WebDialogSearch2Page.tkx?IdElementName=" + idElementName + "&EditElementName=" + editElementName + "&retEleID=" + retEleID + "&SearchType=" + type, xml);
			Result.innerHTML = s;			
		}}
		</script>
	</head>
	<body leftmargin="2" topmargin="2" marginwidth="0" marginheight="0">
		<table width="100%" height="100%" border="0" cellspacing="0" cellpadding="0">
			<tr>
				<td valign="top" id="Result" height="100%">
				{0}
				</td>
			</tr>
		</table>
	</body>
</html>
   ]]></tk:Html>
  </tk:TransformAll>
</Toolkit>
