<?xml version="1.0" encoding="utf-8"?>
<Toolkit version="3.0" xsi:noNamespaceSchemaLocation="../../schema/v3/Data.xsd" xmlns:tk="http://www.qdocuments.net" xmlns:xsi="http://www.w3.org/2001/XMLSchema-instance">
  <tk:Table TableName="HD_HOLIDAY" TableDesc="节假日">
    <tk:Field DataType="int" IsKey="true" >
      <tk:FieldName>HOL_DATE_INT</tk:FieldName>
      <tk:DisplayName>日期整数值</tk:DisplayName>
      <tk:Display ThreeColumn="three" DefaultShow="All" />
      <tk:HtmlCtrl HtmlCtrl="Hidden" Order="10"/>
    </tk:Field>
    <tk:Field DataType="Date">
      <tk:FieldName>HOL_DATE</tk:FieldName>
      <tk:DisplayName>日期</tk:DisplayName>
      <tk:Display ThreeColumn="three" DefaultShow="All" />
      <tk:Extension Span="true" Search="title" />
      <tk:HtmlCtrl HtmlCtrl="Text" Order="20"/>
    </tk:Field>
    <tk:Field DataType="int">
      <tk:FieldName>HOL_YEAR</tk:FieldName>
      <tk:DisplayName>年</tk:DisplayName>
      <tk:Display ThreeColumn="three" DefaultShow="All" />
      <tk:Extension Search="title" />
      <tk:HtmlCtrl HtmlCtrl="Text" Order="30"/>
    </tk:Field>
    <tk:Field DataType="int">
      <tk:FieldName>HOL_MONTH</tk:FieldName>
      <tk:DisplayName>月</tk:DisplayName>
      <tk:Display ThreeColumn="three" DefaultShow="All" />
      <tk:Extension Search="title" />
      <tk:HtmlCtrl HtmlCtrl="Text" Order="40"/>
    </tk:Field>
    <tk:Field DataType="int">
      <tk:FieldName>HOL_DAY</tk:FieldName>
      <tk:DisplayName>日</tk:DisplayName>
      <tk:Display ThreeColumn="three" DefaultShow="All" />
      <tk:HtmlCtrl HtmlCtrl="Text" Order="50"/>
    </tk:Field>
    <tk:Field DataType="string" IsEmpty="true">
    
      <tk:FieldName>HOL_DESC</tk:FieldName>
      <tk:DisplayName>描述</tk:DisplayName>
      <tk:Length>50</tk:Length>
      <tk:Display ThreeColumn="three" DefaultShow="All" ListWidth="300" />
      <tk:Extension Search="title" />
      <tk:HtmlCtrl HtmlCtrl="Text" Order="60"/>
    </tk:Field>
  </tk:Table>
</Toolkit>

