﻿<?xml version="1.0" encoding="UTF-8"?>
<tk:Toolkit version="5.0" xsi:schemaLocation="http://www.qdocuments.net ..\..\schema\v5\DataXml.xsd" xmlns:tk="http://www.qdocuments.net" xmlns:xsi="http://www.w3.org/2001/XMLSchema-instance">
  <tk:Table TableName="SYS_SUB_FUNC">
    <tk:TableDesc>
      <tk:Content>附属功能表</tk:Content>
    </tk:TableDesc>
    <tk:Field DataType="int" IsKey="true" IsEmpty="false">
      <tk:FieldName>SF_ID</tk:FieldName>
      <tk:DisplayName>
        <tk:Content>功能ID</tk:Content>
      </tk:DisplayName>
      <tk:Layout Layout="PerUnit" UnitNum="1" />
      <tk:Control Control="Hidden" Order="10" DefaultShow="All"/>
    </tk:Field>
    <tk:Field DataType="int">
      <tk:FieldName>SF_FN_ID</tk:FieldName>
      <tk:DisplayName>
        <tk:Content>功能ID2</tk:Content>
      </tk:DisplayName>
      <tk:Layout Layout="PerUnit" UnitNum="1" />
      <tk:Control Control="Text" Order="20" DefaultShow="All"/>
    </tk:Field>
    <tk:Field DataType="string">
      <tk:FieldName>SF_NAME</tk:FieldName>
      <tk:DisplayName>
        <tk:Content>附属功能名称</tk:Content>
      </tk:DisplayName>
      <tk:Length>50</tk:Length> 
      <tk:Layout Layout="PerUnit" UnitNum="1" />
      <tk:Control Control="Text" Order="30" DefaultShow="All"/>
    </tk:Field>
    <tk:Field DataType="string">
      <tk:FieldName>SF_NAME_ID</tk:FieldName>
      <tk:DisplayName>
        <tk:Content>附属功能ID</tk:Content>
      </tk:DisplayName>
      <tk:Length>3</tk:Length> 
      <tk:Layout Layout="PerUnit" UnitNum="1" />
      <tk:Control Control="Text" Order="40" DefaultShow="All"/>
    </tk:Field>
  </tk:Table>
</tk:Toolkit>