<?xml version="1.0" encoding="UTF-8"?>
<tk:Toolkit version="5.0" xsi:schemaLocation="http://www.qdocuments.net ..\..\schema\v5\Module.xsd" xmlns:tk="http://www.qdocuments.net" xmlns:xsi="http://www.w3.org/2001/XMLSchema-instance">
  <tk:Module>
    <tk:Title>
      <tk:Content>微信组</tk:Content>
    </tk:Title>
    <tk:MetaData>
      <tk:SingleClassMetaData ClassRegName="WeGroup" JsonDataType="Object"/>
    </tk:MetaData>
    <tk:Source>
      <tk:SingleObjectSource DisablePage="Detail Delete">
        <tk:ObjectSource>
          <tk:RegNameObjectSource>WeGroupEdit</tk:RegNameObjectSource>
        </tk:ObjectSource>
        <tk:ListObjectSource>
          <tk:RegNameObjectSource>WeGroupList</tk:RegNameObjectSource>
        </tk:ListObjectSource>
        <tk:Operators>
          <tk:SimpleListObjectOperators Operators="Update" IsDialog="true"/>
        </tk:Operators>
      </tk:SingleObjectSource>
    </tk:Source>
    <tk:PostObjectCreator>
      <tk:CustomJsonObjectCreator RegTypeName="WeGroup" LocalName="WeGroup" UseConstructor="true"/>
    </tk:PostObjectCreator>
    <tk:PageMaker>
      <tk:SingleDialogObjectRazorPageMaker ListDisplay="Striped"/>
    </tk:PageMaker>
  </tk:Module>
</tk:Toolkit>
