<?xml version="1.0" encoding="UTF-8"?>
<Toolkit version="1.0" xmlns:xsi="http://www.w3.org/2001/XMLSchema-instance" xsi:noNamespaceSchemaLocation="../../schema/suite/CodeSuite.xsd">
	<CodeGenerator CompatibleType="Toolkit" ToolkitVer="Tk50" RegName="Tk5DataXml" Author="YJC" CreateDate="2013-11-01" Description="Toolkit5的DataXml生成">
		<FileName Extension="xml" Catalog="Xml\Data" UseProjectName="true">
			<MainName NeedParse="true">{NormalTableName}</MainName>
		</FileName>
		<RazorFile>CodeSuite/Tk5/Tk5DataXml.cshtml</RazorFile>
	</CodeGenerator>
</Toolkit>
