<?xml version="1.0" encoding="UTF-8"?>
<Toolkit version="1.0" xmlns:xsi="http://www.w3.org/2001/XMLSchema-instance" xsi:noNamespaceSchemaLocation="../../schema/suite/CodeSuite.xsd">
  <CodeGenerator CompatibleType="Toolkit" ToolkitVer="Tk50" RegName="Tk5Resolver" Author="YJC" CreateDate="2014-11-05" Description="Toolkit5的Resolver生成">
    <FileName Extension="cs" Catalog="Resolver" UseProjectName="true">
      <MainName NeedParse="true">{NormalTableName}Resolver</MainName>
    </FileName>
    <RazorFile>CodeSuite/Tk5/Tk5Resolver.cshtml</RazorFile>
  </CodeGenerator>
</Toolkit>
